,Country of Origin,Farm Name,Lot Number,Mill,ICO Number,Company,Altitude,Region,Producer,Number of Bags,Bag Weight,In-Country Partner,Harvest Year,Grading Date,Owner,Variety,Status,Processing Method,Aroma,Flavor,Aftertaste,Acidity,Body,Balance,Uniformity,Clean Cup,Sweetness,Overall,Defects,Total Cup Points,Moisture,Category One Defects,Quakers,Color,Category Two Defects,NA,Expiration,Certification Body,Certification Address,Certification Contact
0,Brazil,Sitio Rancho Dantas,Florentino Meneguetti,Cereja Descascado,,Nestlé Brasil S/A,780,Montanhas Capixabas,Florentino Meneguetti,5,300 kg,Brazil Specialty Coffee Association,2019,"September 22nd, 2019",Rodolfo Carneiro Climaco,Other,Completed,Washed / Wet,8.25,8.5,8.58,8.5,8.5,8.33,10.0,10.0,10.0,8.58,0.0,89.25,10 %,0 full defects,0,Bluish-Green,5 full defects,,"September 21st, 2020",Brazil Specialty Coffee Association,"Rua Gaspar Batista Paiva, 416 – Santa Luiza Varginha/MG – Brazil",Chris Allen - 55 35 3212-4705
0,Ethiopia,Honey Drip,1,non,,宸嶧國際有限公司,2219,Ethiopia,Honey Dip,37,20 kg,Japan Coffee Exchange,2020,"July 14th, 2020",Blossom Valley International,Ethiopian Heirlooms,Completed,Other,8.25,8.25,7.92,8.42,7.92,8.08,10.0,10.0,10.0,8.33,0.0,87.17,11 %,0 full defects,3,Green,4 full defects,,"July 14th, 2021",Japan Coffee Exchange,"〒413-0002 静岡県熱海市伊豆山１１７３−５８ 1173-58 Izusan, Atami, Shizuoka, 413-0002 JAPAN",松澤　宏樹　Koju Matsuzawa - +81(0)9085642901
0,Brazil,Fazenda Horizonte,Pedro Marques de Souza,Cereja Descascado,,Nestlé Brasil S/A,1280,Chapada Diamantina,Pedro Marques de Souza,3,180 kg,Brazil Specialty Coffee Association,2019,"October 2nd, 2019",Rodolfo Carneiro Climaco,Other,Completed,Washed / Wet,7.92,8.17,8.17,8.25,8.08,8.08,10.0,10.0,10.0,8.08,0.0,86.75,12 %,0 full defects,2,,0 full defects,,"October 1st, 2020",Brazil Specialty Coffee Association,"Rua Gaspar Batista Paiva, 416 – Santa Luiza Varginha/MG – Brazil",Chris Allen - 55 35 3212-4705
0,Ethiopia,non,1,non,E0205,宸嶧國際有限公司,2100,Ethiopia Sidamo Guji Uraga Adola,non,200,30 kg,Japan Coffee Exchange,2020,"July 14th, 2020",Blossom Valley International,Other,Completed,Washed / Wet,8.25,8.17,7.92,8.17,7.83,8.0,10.0,10.0,10.0,8.25,0.0,86.58,12 %,0 full defects,1,Green,3 full defects,,"July 14th, 2021",Japan Coffee Exchange,"〒413-0002 静岡県熱海市伊豆山１１７３−５８ 1173-58 Izusan, Atami, Shizuoka, 413-0002 JAPAN",松澤　宏樹　Koju Matsuzawa - +81(0)9085642901
0,Brazil,Sitio Alto Liberdade,Luciano Pimenta,Cereja Descascado,,Nestlé Brasil S/A,1180,Montanhas Capixabas,Luciano Pimenta,5,300 kg,Brazil Specialty Coffee Association,2019,"September 22nd, 2019",Rodolfo Carneiro Climaco,Other,Completed,Washed / Wet,8.17,7.92,8.0,8.17,8.25,8.08,10.0,10.0,10.0,8.0,0.0,86.58,10 %,0 full defects,0,Bluish-Green,2 full defects,,"September 21st, 2020",Brazil Specialty Coffee Association,"Rua Gaspar Batista Paiva, 416 – Santa Luiza Varginha/MG – Brazil",Chris Allen - 55 35 3212-4705
0,Brazil,Sítio Forquilha do Rio,Fábio Protasio de Abreu,Cereja Descascado,,Nestlé Brasil S/A,1300,Caparaó,Fábio Protasio de Abreu,5,300 kg,Brazil Specialty Coffee Association,2018,"September 22nd, 2019",Rodolfo Carneiro Climaco,Other,Completed,Washed / Wet,7.83,8.0,8.0,8.08,8.08,8.17,10.0,10.0,10.0,8.17,0.0,86.33,11 %,0 full defects,0,Bluish-Green,1 full defects,,"September 21st, 2020",Brazil Specialty Coffee Association,"Rua Gaspar Batista Paiva, 416 – Santa Luiza Varginha/MG – Brazil",Chris Allen - 55 35 3212-4705
0,Ethiopia,local farm,14,Hulling,010/0240/0002,Al-Impex Business plc,2000,Dila,Alemayehue Gume,300,60 kg,METAD Agricultural Development plc,2019,"June 29th, 2020",Al-impex Business plc,Ethiopian Yirgacheffe,Completed,Washed / Wet,8.0,8.0,8.0,8.08,8.0,8.0,10.0,10.0,10.0,8.17,0.0,86.25,10 %,0 full defects,0,Blue-Green,0 full defects,,"June 29th, 2021",METAD Agricultural Development plc,"BAWA Center, 3rd Floor (Gerji), Addis Ababa, Ethiopia","Aman Adinew (Emebet Dinku) - +251-116-292534, +251-911-519196"
0,Brazil,Sítio São Domingos Moinho Grande,Sebastiana de Oliveira Faria,Cereja Descascado,,Nestlé Brasil S/A,1300,Caparaó,Sebastiana de Oliveira Faria,5,300 kg,Brazil Specialty Coffee Association,2019,"September 22nd, 2019",Rodolfo Carneiro Climaco,Other,Completed,Washed / Wet,7.92,8.08,7.83,7.92,7.92,8.0,10.0,10.0,10.0,8.08,0.0,85.75,11 %,0 full defects,0,Bluish-Green,0 full defects,,"September 21st, 2020",Brazil Specialty Coffee Association,"Rua Gaspar Batista Paiva, 416 – Santa Luiza Varginha/MG – Brazil",Chris Allen - 55 35 3212-4705
0,Brazil,Fazenda Édio Miranda,Maria Aparecida Milagres Miranda,Cereja Descascado,,Nestlé Brasil S/A,1244,Matas de Minas,Maria Aparecida Milagres Miranda,5,300 kg,Brazil Specialty Coffee Association,2019,"September 22nd, 2019",Rodolfo Carneiro Climaco,Other,Completed,Washed / Wet,7.92,8.08,7.92,8.0,7.83,7.92,10.0,10.0,10.0,8.08,0.0,85.75,12 %,0 full defects,0,Bluish-Green,1 full defects,,"September 21st, 2020",Brazil Specialty Coffee Association,"Rua Gaspar Batista Paiva, 416 – Santa Luiza Varginha/MG – Brazil",Chris Allen - 55 35 3212-4705
0,Ethiopia,Local Farmer,14,Hulling,010/0240/0002,Al-Impex Business plc,1994,Dila,Alemayehue Mesfin,300,60 kg,METAD Agricultural Development plc,2019,"June 13th, 2020",Al-impex Business plc,Ethiopian Yirgacheffe,Completed,Washed / Wet,8.0,8.0,7.83,8.0,8.0,8.0,10.0,10.0,10.0,7.83,0.0,85.67,10 %,0 full defects,0,Green,7 full defects,,"June 13th, 2021",METAD Agricultural Development plc,"BAWA Center, 3rd Floor (Gerji), Addis Ababa, Ethiopia","Aman Adinew (Emebet Dinku) - +251-116-292534, +251-911-519196"
0,Brazil,Fazenda Jardim das Oliveiras,Simone Sampaio,Cereja Descascado,,Nestlé Brasil S/A,1244,Matas de Minas,Simone Sampaio,5,300 kg,Brazil Specialty Coffee Association,2019,"September 22nd, 2019",Rodolfo Carneiro Climaco,Other,Completed,Washed / Wet,7.92,7.92,7.83,8.0,7.92,8.0,10.0,10.0,10.0,7.92,0.0,85.5,11 %,0 full defects,0,Bluish-Green,0 full defects,,"September 21st, 2020",Brazil Specialty Coffee Association,"Rua Gaspar Batista Paiva, 416 – Santa Luiza Varginha/MG – Brazil",Chris Allen - 55 35 3212-4705
0,Brazil,Fazenda Serra do São Bento,Dimas Mendes Bastos,Cereja Descascado,,Nestlé Brasil S/A,1244,Matas de Minas,Dimas Mendes Bastos,5,300 kg,Brazil Specialty Coffee Association,2019,"September 22nd, 2019",Rodolfo Carneiro Climaco,Other,Completed,Washed / Wet,7.75,8.08,8.0,8.0,7.92,7.83,10.0,10.0,10.0,7.92,0.0,85.5,11 %,0 full defects,0,Bluish-Green,5 full defects,,"September 21st, 2020",Brazil Specialty Coffee Association,"Rua Gaspar Batista Paiva, 416 – Santa Luiza Varginha/MG – Brazil",Chris Allen - 55 35 3212-4705
0,Ethiopia,none,1,non,E0062,宸嶧國際有限公司,1800,Ethiopia Yirgacheffe,none,35,30 kg,Japan Coffee Exchange,2020,"July 14th, 2020",Blossom Valley International,Ethiopian Heirlooms,Completed,Washed / Wet,8.17,8.0,7.67,8.0,7.75,7.83,10.0,10.0,10.0,8.0,0.0,85.42,11 %,0 full defects,0,Green,2 full defects,,"July 14th, 2021",Japan Coffee Exchange,"〒413-0002 静岡県熱海市伊豆山１１７３−５８ 1173-58 Izusan, Atami, Shizuoka, 413-0002 JAPAN",松澤　宏樹　Koju Matsuzawa - +81(0)9085642901
0,Brazil,Fazenda Baú I,Versi Crivelenti Ferrero,Natural,,Nestlé Brasil S/A,1006,Mogiana,Versi Crivelenti Ferrero,5,300 kg,Brazil Specialty Coffee Association,2019,"September 22nd, 2019",Rodolfo Carneiro Climaco,Other,Completed,Natural / Dry,7.83,8.0,8.0,7.75,7.83,7.92,10.0,10.0,10.0,7.92,0.0,85.25,11 %,0 full defects,0,Bluish-Green,2 full defects,,"September 21st, 2020",Brazil Specialty Coffee Association,"Rua Gaspar Batista Paiva, 416 – Santa Luiza Varginha/MG – Brazil",Chris Allen - 55 35 3212-4705
0,Brazil,CACHOEIRA DA GRAMA FARM,43105774 - K27622 - 018/19,DRY MILL,002/4542/0851,BOURBON SPECIALTY COFFEES,1100,Grama Valley,GABRIEL CARVALHO DIAS,300,59 kg,Brazil Specialty Coffee Association,2019 / 2020,"September 22nd, 2019",BOURBON SPECIALTY COFFEES,Bourbon,Completed,Pulped natural / honey,7.92,7.83,7.83,7.92,7.92,7.83,10.0,10.0,10.0,8.0,0.0,85.25,11 %,0 full defects,0,Bluish-Green,3 full defects,,"September 21st, 2020",Brazil Specialty Coffee Association,"Rua Gaspar Batista Paiva, 416 – Santa Luiza Varginha/MG – Brazil",Chris Allen - 55 35 3212-4705
0,Honduras,LA GUAMA,431,BON CAFE S.A.,13-115-237,Bon cafe s.a,1450,LA PAZ,NAHUN EDGARDO FLORES GAMEZ.,250,69 kg,Instituto Hondureño del Café,2019,"May 22nd, 2020",Marco tulio fuentes lobo,Catuai,Completed,Washed / Wet,7.92,7.92,7.75,7.92,7.92,7.83,10.0,10.0,10.0,7.92,0.0,85.17,9 %,0 full defects,0,Green,1 full defects,,"May 22nd, 2021",Instituto Hondureño del Café,"Laboratorio de Control de Calidad de Café ( CNCC), 33 Calle, 1-2 Avenida, Sector El Cacao. San Pedro Sula, Cortes",Ramon Reyes - + 504 9693-9042
0,Uganda,Kawacom Sipi Project,035 170 5001123,Kawacom Uganda Limted,,Kawacom uganda LTD,1790,Eastern Uganda,Kawacom Sipi Project,300,60 kg,Uganda Coffee Development Authority,2019,"May 29th, 2020",Kawacom Uganda LTD,SL28,Completed,Washed / Wet,7.83,8.08,7.92,7.67,7.83,7.75,10.0,10.0,10.0,8.0,0.0,85.08,10 %,0 full defects,0,Green,0 full defects,,"May 29th, 2021",Uganda Coffee Development Authority,"Coffee House, Plot 35, Jinja Road, P.O. Box 7267, Kampala, Uganda",Clare Rwakatogoro - 256-41-256940/233073
0,Ethiopia,Cooperative Kota,unwashed Jimma Grade 1 - Kota Cooperative,Dry Mill,010,EC SuccessFood Sàrl,1700,Jimma,Kata Muduga Union,10,60 kg,NKG Quality Service (a division of Bernhard Rothfos Intercafé AG),2019,"January 29th, 2020",Ennio Cantergiani,Ethiopian Heirlooms,Completed,Natural / Dry,7.58,8.17,7.75,8.25,7.75,7.5,10.0,10.0,10.0,8.0,0.0,85.0,10 %,0 full defects,1,Green,3 full defects,,"January 28th, 2021",NKG Quality Service (a division of Bernhard Rothfos Intercafé AG),Bahnhofstrasse 22,Gloria Pedroza - +41417287296
0,Mexico,FINCA LOS REMEDIOS,001,URSULO GALVAN,,Centro Agroecológico del Café A. C.,1200,COATEPEC,JOSE CIENFUEGOS,2,69 kg,Centro Agroecológico del Café A.C.,2019,"September 6th, 2019",ELIZABETH FAJARDO,Gesha,Completed,Washed / Wet,8.0,7.92,7.58,8.0,7.67,7.67,10.0,10.0,10.0,8.08,0.0,84.92,11 %,0 full defects,0,Blue-Green,4 full defects,,"September 5th, 2020",Centro Agroecológico del Café A.C.,"Instituto de Ecología A. C., Campus III Edificio A Planta Baja Carretera Antigua a Coatepec No. 351 Col. El Haya C.P. 91070 Xalapa, Veracruz, México.",Stephany Escamilla Femat - Tel. +52 228 8421800 Ext. 3092
0,Mexico,FINCA TRINCHERAS,002,URSULO GALVAN,,Centro Agroecológico del Café A. C.,1340,HUATUSCO,JOSE CIENFUEGOS,2,69 kg,Centro Agroecológico del Café A.C.,2019,"September 6th, 2019",ELIZABETH FAJARDO,Pacamara,Completed,Washed / Wet,7.75,8.0,7.67,8.08,7.83,7.67,10.0,10.0,10.0,7.92,0.0,84.92,9 %,0 full defects,0,Blue-Green,3 full defects,,"September 5th, 2020",Centro Agroecológico del Café A.C.,"Instituto de Ecología A. C., Campus III Edificio A Planta Baja Carretera Antigua a Coatepec No. 351 Col. El Haya C.P. 91070 Xalapa, Veracruz, México.",Stephany Escamilla Femat - Tel. +52 228 8421800 Ext. 3092
0,Mexico,FINCA TOCOTIN,003,URSULO GALVAN,,Centro Agroecológico del Café A. C.,950,COATEPEC,SERVANDO RODRIGUEZ HUERTA,2,69 kg,Centro Agroecológico del Café A.C.,2019,"September 6th, 2019",ELIZABETH FAJARDO,Bourbon,Completed,Natural / Dry,8.08,7.83,7.67,7.92,7.75,7.75,10.0,10.0,10.0,7.92,0.0,84.92,11 %,0 full defects,0,Blue-Green,1 full defects,,"September 5th, 2020",Centro Agroecológico del Café A.C.,"Instituto de Ecología A. C., Campus III Edificio A Planta Baja Carretera Antigua a Coatepec No. 351 Col. El Haya C.P. 91070 Xalapa, Veracruz, México.",Stephany Escamilla Femat - Tel. +52 228 8421800 Ext. 3092
0,Kenya,NON,1,RUCHU COFFEE FACTORY,KY1268,宸嶧國際有限公司,1700,kenya Muranga,non,260,30 kg,Japan Coffee Exchange,2019,"July 14th, 2020",Blossom Valley International,SL28,Completed,Washed / Wet,7.92,7.92,7.75,7.75,7.75,7.75,10.0,10.0,10.0,8.0,0.0,84.83,11 %,0 full defects,0,Green,2 full defects,,"July 14th, 2021",Japan Coffee Exchange,"〒413-0002 静岡県熱海市伊豆山１１７３−５８ 1173-58 Izusan, Atami, Shizuoka, 413-0002 JAPAN",松澤　宏樹　Koju Matsuzawa - +81(0)9085642901
0,Brazil,Chácara Vista Alegre,José Renato Rodrigues Alves,Cereja Descascado,,Nestlé Brasil S/A,1280,Chapada Diamantina,José Renato Rodrigues Alves,5,300 kg,Brazil Specialty Coffee Association,2019,"September 22nd, 2019",Rodolfo Carneiro Climaco,Other,Completed,Washed / Wet,7.75,7.75,7.75,7.92,7.83,7.92,10.0,10.0,10.0,7.92,0.0,84.83,12 %,0 full defects,0,,0 full defects,,"September 21st, 2020",Brazil Specialty Coffee Association,"Rua Gaspar Batista Paiva, 416 – Santa Luiza Varginha/MG – Brazil",Chris Allen - 55 35 3212-4705
0,Brazil,Sítio Santo Antônio,Antônio Macedo Souza,Cereja Descascado,,Nestlé Brasil S/A,1180,Chapada Diamantina,Antônio Macedo Souza,5,300 kg,Brazil Specialty Coffee Association,2019,"September 22nd, 2019",Rodolfo Carneiro Climaco,Other,Completed,Washed / Wet,7.83,7.83,7.92,7.67,7.92,7.83,10.0,10.0,10.0,7.67,0.0,84.67,11 %,0 full defects,0,Bluish-Green,0 full defects,,"September 21st, 2020",Brazil Specialty Coffee Association,"Rua Gaspar Batista Paiva, 416 – Santa Luiza Varginha/MG – Brazil",Chris Allen - 55 35 3212-4705
0,"Tanzania, United Republic Of",Ruanda Amcos,SSTZ-63518/TN952,Mbozi Coffee Curing,033/100/060,Kenyacof,1700,Songwe,Ruanda Amcos,20,60 kg,Kenya Coffee Traders Association,2019,"February 20th, 2020",Daniel Magu,Bourbon,Completed,Washed / Wet,7.83,7.83,7.5,8.0,7.92,7.75,10.0,10.0,10.0,7.83,0.0,84.67,12 %,0 full defects,0,Green,5 full defects,,"February 19th, 2021",Kenya Coffee Traders Association,"P.O. Box 646 00100Nairobi, Kenya",Benson Kibicho Kamau - +254 786 821 621
0,Costa Rica,Beneficio Montañas del Diamante,10410-1,Beneficio Montañas del Diamante,5-0025-0101,"CECA,S.A.",1848,Tarrazú,Martín Gutierrez,150,35 kg,Specialty Coffee Association of Costa Rica,2020,"March 27th, 2020","CECA, S.A.",Caturra,Completed,Washed / Wet,7.75,7.75,7.67,8.0,7.92,7.75,10.0,10.0,10.0,7.75,0.0,84.58,9 %,0 full defects,3,None,3 full defects,,"March 27th, 2021",Specialty Coffee Association of Costa Rica,"Blvd Rohrmoser, de Prisma Dental 200 norte y 25 oeste, casa 21",Noelia Villalobos - (506) 2220 0685
0,Brazil,Fazenda Pilar,Marco Antônio Cravo,Cereja Descascado,,Nestlé Brasil S/A,656,Norte Pioneiro do Paraná,Marco Antônio Cravo,5,300 kg,Brazil Specialty Coffee Association,2019,"September 22nd, 2019",Rodolfo Carneiro Climaco,Other,Completed,Washed / Wet,7.83,7.75,7.58,7.83,7.83,7.75,10.0,10.0,10.0,7.92,0.0,84.5,11 %,0 full defects,0,Bluish-Green,2 full defects,,"September 21st, 2020",Brazil Specialty Coffee Association,"Rua Gaspar Batista Paiva, 416 – Santa Luiza Varginha/MG – Brazil",Chris Allen - 55 35 3212-4705
0,"Tanzania, United Republic Of",Ruanda AMCOS,SSTZ-63517/TN951,Mbozi Curing,033/100/047,Kenyacof,1700,Songwe,Ruanda AMCOS,300,60 kg,Kenya Coffee Traders Association,2019,"February 6th, 2020",Daniel Magu,Bourbon,Completed,Washed / Wet,7.75,7.75,7.83,7.67,7.83,7.83,10.0,10.0,10.0,7.83,0.0,84.5,12 %,0 full defects,0,,5 full defects,,"February 5th, 2021",Kenya Coffee Traders Association,"P.O. Box 646 00100Nairobi, Kenya",Benson Kibicho Kamau - +254 786 821 621
0,Uganda,BCU,BCU01/20,Dry Mill,,"Kozzy Kare Assisted Living , LLC",2800,Uganda,"Bugisu Cooperative Union , Ltd.",2,1 kg,Specialty Coffee Association,2019,"March 5th, 2020",Joseph Bugyendu,SL14,Completed,Washed / Wet,7.75,7.83,7.75,7.67,7.83,7.92,10.0,10.0,10.0,7.75,0.0,84.5,12 %,0 full defects,0,Green,10 full defects,,"March 5th, 2021",Specialty Coffee Association,"117 W 4th St, Suite 300 Santa Ana, CA 92701",Sheila Magno - 562-999-3164
0,Honduras,Las Cuchillas,156,Mill,13-111-079,Mercon Honduras,1450,Comayagua,Fausto Nahun Maldonado,275,69 kg,Instituto Hondureño del Café,2020,"March 10th, 2020",Juan Manuel Sanchez Silvestre,Catuai,Completed,Washed / Wet,7.92,7.75,7.58,7.83,7.75,7.75,10.0,10.0,10.0,7.67,0.0,84.25,10 %,0 full defects,0,Green,1 full defects,,"March 10th, 2021",Instituto Hondureño del Café,"Laboratorio de Control de Calidad de Café ( CNCC), 33 Calle, 1-2 Avenida, Sector El Cacao. San Pedro Sula, Cortes",Ramon Reyes - + 504 9693-9042
0,Papua New Guinea,Erandora Farms,Typica,Aionora Factory,166,Erandora Coffee,1600,Eastern Highlands,Erandora Coffee,120,7200 kg,Specialty Coffee Association,2019,"January 21st, 2020",Nimo Kama,Typica,Completed,Washed / Wet,7.67,7.92,7.67,7.67,7.67,7.75,10.0,10.0,10.0,7.75,0.0,84.08,11 %,0 full defects,0,Green,4 full defects,,"January 20th, 2021",Specialty Coffee Association,"117 W 4th St, Suite 300 Santa Ana, CA 92701",Sheila Magno - 562-999-3164
0,Vietnam,Apollo Estate,Apollo Washed (2) 2019,Dry Mill,,"Sunvirtue Co., Ltd.",1040,Dalat,"Yeh, Li Chuan",1,2 kg,Specialty Coffee Association,2019,"March 10th, 2020","Sunvirtue Co., Ltd.",Catimor,Completed,Washed / Wet,7.58,7.75,7.58,7.58,7.83,7.92,10.0,10.0,10.0,7.83,0.0,84.08,13 %,0 full defects,0,Bluish-Green,0 full defects,,"March 10th, 2021",Specialty Coffee Association,"117 W 4th St, Suite 300 Santa Ana, CA 92701",Sheila Magno - 562-999-3164
0,Burundi,GISHA,1150,BUDECA,27/01,BUGESTAL,1666,Ngozi,BUGESTAL,320,60 kg,Kenya Coffee Traders Association,2020,"August 18th, 2020",BUGESTAL SPRL,Bourbon,Completed,Washed / Wet,7.58,7.75,7.75,7.67,7.83,7.75,10.0,10.0,10.0,7.75,0.0,84.08,10 %,0 full defects,0,Green,1 full defects,,"August 18th, 2021",Kenya Coffee Traders Association,"P.O. Box 646 00100Nairobi, Kenya",Benson Kibicho Kamau - +254 786 821 621
0,"Tanzania, United Republic Of",Ruanda Amcos,SSTZ-65314/TN968,Mbozi Coffee Curing,033/100/063,Kenyacof,1700,Songwe,Ruanda Amcos,30,60 kg,Kenya Coffee Traders Association,2019,"March 6th, 2020",Daniel Magu,Bourbon,Completed,Washed / Wet,8.17,7.67,7.5,7.67,7.75,7.67,10.0,10.0,10.0,7.67,0.0,84.08,12 %,0 full defects,0,Green,4 full defects,,"March 6th, 2021",Kenya Coffee Traders Association,"P.O. Box 646 00100Nairobi, Kenya",Benson Kibicho Kamau - +254 786 821 621
0,Honduras,La Guama,116,BON CAFE S. A.,13-115-42,Bon cafe s.a,1450,LA PAZ,NAHUN EDGARDO FLORES GAMEZ.,275,69 kg,Instituto Hondureño del Café,2019,"January 9th, 2020",Marco tulio fuentes lobo,Catuai,Completed,Washed / Wet,7.75,7.83,7.5,7.75,7.75,7.67,10.0,10.0,10.0,7.75,0.0,84.0,10 %,0 full defects,1,Green,3 full defects,,"January 8th, 2021",Instituto Hondureño del Café,"Laboratorio de Control de Calidad de Café ( CNCC), 33 Calle, 1-2 Avenida, Sector El Cacao. San Pedro Sula, Cortes",Ramon Reyes - + 504 9693-9042
0,Guatemala,LAS ROSAS,415000557,,11-63-1257,"RETRILLAS DEL PACIFICO, S. A.",1500,HUEHUETENANGO,ROLANDO BELARMINO VILLATORO VILLATORO,275,69 kg,Asociacion Nacional Del Café,2020,"July 7th, 2020",Byron Gonzalez,Bourbon,Completed,Natural / Dry,7.5,7.92,7.58,7.58,7.67,7.75,10.0,10.0,10.0,7.83,0.0,83.83,11 %,0 full defects,1,Green,4 full defects,,"July 7th, 2021",Asociacion Nacional Del Café,"5a Calle 0-50, Zona 14 Guatemala City, Guatemala 1014",Brayan Cifuentes -
0,"Tanzania, United Republic Of",Ruanda Amcos,SSTZ-63517/TN951,Mbozi Coffee Curing,033/100/047,Kenyacof,1700,Songwe,Ruanda Amcos,300,60 kg,Kenya Coffee Traders Association,2019,"January 29th, 2020",Daniel Magu,Bourbon,Completed,Washed / Wet,8.33,7.67,7.5,7.42,7.58,7.67,10.0,10.0,10.0,7.67,0.0,83.83,13 %,0 full defects,7,Green,4 full defects,,"January 28th, 2021",Kenya Coffee Traders Association,"P.O. Box 646 00100Nairobi, Kenya",Benson Kibicho Kamau - +254 786 821 621
0,Costa Rica,Beneficio Montañas del Diamante,10373-01,Beneficio Montañas del Diamante,5-0025-0147,"CECA,S.A.",1848,Tarrazú,Martín Gutierrez,200,69 kg,Specialty Coffee Association of Costa Rica,2020,"April 17th, 2020","CECA, S.A.",Caturra,Completed,Washed / Wet,7.75,7.67,7.67,7.42,7.83,7.67,10.0,10.0,10.0,7.83,0.0,83.83,10 %,0 full defects,2,Green,5 full defects,,"April 17th, 2021",Specialty Coffee Association of Costa Rica,"Blvd Rohrmoser, de Prisma Dental 200 norte y 25 oeste, casa 21",Noelia Villalobos - (506) 2220 0685
0,Guatemala,LA BURBUJA,415000445,,11-63-848,"RETRILLAS DEL PACIFICO, S. A.",1500,HUEHUETENANGO,MARISSA JUDITH HERRERA VILLATORO,200,69 kg,Asociacion Nacional Del Café,2020,"July 6th, 2020",Byron Gonzalez,Bourbon,Completed,Natural / Dry,7.58,7.92,7.5,7.58,7.67,7.67,10.0,10.0,10.0,7.83,0.0,83.75,11 %,0 full defects,1,Green,7 full defects,,"July 6th, 2021",Asociacion Nacional Del Café,"5a Calle 0-50, Zona 14 Guatemala City, Guatemala 1014",Brayan Cifuentes -
0,Guatemala,ALTA LUZ,415000544,,11-63-1073,"RETRILLAS DEL PACIFICO, S. A.",1400,HUEHUETENANGO,MARIA DE LOS ANGELES PEREZ,100,69 kg,Asociacion Nacional Del Café,2020,"July 7th, 2020",Byron Gonzalez,Bourbon,Completed,Natural / Dry,7.58,7.92,7.58,7.58,7.67,7.58,10.0,10.0,10.0,7.75,0.0,83.67,11 %,0 full defects,1,Green,6 full defects,,"July 7th, 2021",Asociacion Nacional Del Café,"5a Calle 0-50, Zona 14 Guatemala City, Guatemala 1014",Brayan Cifuentes -
0,Colombia,EL PRADO,3-59-0173,NEIVA,3-59-0173,carcafe ltda,442,HUILA,FRANLIN DUSSAN,100,70 kg,CQI Colombia SAS,2019,"October 30th, 2019",rodrigo amaya,Caturra,Completed,Washed / Wet,7.75,7.75,7.58,7.5,7.75,7.58,10.0,10.0,10.0,7.67,0.0,83.58,10 %,0 full defects,1,Green,5 full defects,,"October 29th, 2020",CQI Colombia SAS,Calle 120A No 3A - 47 - USAQUEN,Ana Maria Duque - 3219384156
0,Uganda,,035/011/7094,Kyagalanyi Coffee's Namanve dry mill,035/011/7094,"Volcafe Limited, Japan",1700,Rwenzori,Small Farmers in Rwenzori,290,60 kg,Japan Coffee Exchange,2019,"August 5th, 2020",Volcafe Japan,SL28,Completed,Washed / Wet,7.75,7.67,7.5,7.75,7.58,7.58,10.0,10.0,10.0,7.75,0.0,83.58,12 %,0 full defects,1,Green,4 full defects,,"August 5th, 2021",Japan Coffee Exchange,"〒413-0002 静岡県熱海市伊豆山１１７３−５８ 1173-58 Izusan, Atami, Shizuoka, 413-0002 JAPAN",松澤　宏樹　Koju Matsuzawa - +81(0)9085642901
0,El Salvador,Tuxpal,1,Tuxpal,09-392-97,Consejo Salvadoreño del Café,1200,Apaneca - Ilamatepec,"Tejemet, S.A. de C.V.",275,69 kg,Salvadoran Coffee Council,2019,"August 20th, 2020",Consejo Salvadoreño del Café,Bourbon,Completed,Washed / Wet,7.92,7.83,7.42,7.5,7.67,7.67,10.0,10.0,10.0,7.5,0.0,83.5,11 %,0 full defects,0,Green,1 full defects,,"August 20th, 2021",Salvadoran Coffee Council,"Final 1a. Av. Norte y 13 Calle Pte., dentro de las instalaciones del MAG",Tomas Bonilla - (503) 2505-6600
0,Brazil,Sítio Forquilha do Rio,Afonso Lacerda,Cereja Descascado,,Nestlé Brasil S/A,1300,Caparaó,Afonso Lacerda,5,300 kg,Brazil Specialty Coffee Association,2019,"September 22nd, 2019",Rodolfo Carneiro Climaco,Other,Completed,Washed / Wet,7.58,7.67,7.67,7.67,7.67,7.58,10.0,10.0,10.0,7.58,0.0,83.42,11 %,0 full defects,0,Bluish-Green,2 full defects,,"September 21st, 2020",Brazil Specialty Coffee Association,"Rua Gaspar Batista Paiva, 416 – Santa Luiza Varginha/MG – Brazil",Chris Allen - 55 35 3212-4705
0,Costa Rica,,S017.167,DOSMIL,5-0015-0605,Beneficios Volcafé Costa Rica,1200,,,250,69 kg,Specialty Coffee Association of Costa Rica,2019,"September 6th, 2019",Maximiliano Gurdián Portocarrero,Caturra,Completed,Washed / Wet,7.58,7.5,7.42,7.42,7.83,7.33,10.0,10.0,10.0,8.33,0.0,83.42,12 %,0 full defects,0,Blue-Green,5 full defects,,"September 5th, 2020",Specialty Coffee Association of Costa Rica,"Blvd Rohrmoser, de Prisma Dental 200 norte y 25 oeste, casa 21",Noelia Villalobos - (506) 2220 0685
0,Guatemala,LA ESPERANZA,415000525,,11-63-1211,"RETRILLAS DEL PACIFICO, S. A.",1600,HUEHUETENANGO,FRANCISCO MORALES CARRILLO,275,69 kg,Asociacion Nacional Del Café,2020,"July 31st, 2020",Byron Gonzalez,Bourbon,Completed,Natural / Dry,7.58,7.83,7.5,7.75,7.5,7.58,10.0,10.0,10.0,7.67,0.0,83.42,10 %,0 full defects,0,Green,5 full defects,,"July 31st, 2021",Asociacion Nacional Del Café,"5a Calle 0-50, Zona 14 Guatemala City, Guatemala 1014",Brayan Cifuentes -
0,Brazil,Santa Rita de Cássia,0081/20,alfenas,,Olam Specialty Coffee,1150,carmo de minas,Carlos Henrique Moreira,300,18000 kg,Brazil Specialty Coffee Association,2019,"February 10th, 2020",Pedro Santos e Silva,Catuai,Completed,Natural / Dry,7.67,7.67,7.67,7.67,7.58,7.58,10.0,10.0,10.0,7.58,0.0,83.42,12 %,0 full defects,0,Green,1 full defects,,"February 9th, 2021",Brazil Specialty Coffee Association,"Rua Gaspar Batista Paiva, 416 – Santa Luiza Varginha/MG – Brazil",Chris Allen - 55 35 3212-4705
0,Honduras,Finca Los Angeles,354,proceso de despulpado y lavado y zarandas para secado,13-154-86,Coffee planet Corporation S.A,1450,"los Cedros, Francisco Morazan",Ramon de Jesus Oliva,20,69 kg,Instituto Hondureño del Café,2020,"May 21st, 2020",Janny Marlith Torres,Catuai,Completed,Washed / Wet,7.83,7.75,7.5,7.58,7.67,7.5,10.0,10.0,10.0,7.58,0.0,83.42,10 %,0 full defects,0,Green,5 full defects,,"May 21st, 2021",Instituto Hondureño del Café,"Laboratorio de Control de Calidad de Café ( CNCC), 33 Calle, 1-2 Avenida, Sector El Cacao. San Pedro Sula, Cortes",Ramon Reyes - + 504 9693-9042
0,China,Matsuzawa coffee,MCCH18/19NYN02,Matsuzawa coffee,,JAPAN COFFEE EXCHANGE,1300,埼玉県,Koju Matsuzawa,10,60 kg,Japan Coffee Exchange,2019,"November 15th, 2019",松澤宏樹 Koju Matsuzawa,Catimor,Completed,Natural / Dry,7.75,7.67,7.5,7.75,7.42,7.58,10.0,10.0,10.0,7.67,0.0,83.33,11 %,0 full defects,2,Green,5 full defects,,"November 14th, 2020",Japan Coffee Exchange,"〒413-0002 静岡県熱海市伊豆山１１７３−５８ 1173-58 Izusan, Atami, Shizuoka, 413-0002 JAPAN",松澤　宏樹　Koju Matsuzawa - +81(0)9085642901
0,Kenya,Various,412490928,CKCM,37/00045/0928,C Dormans limited,1750,Central,Various,150,9000 kg,Kenya Coffee Traders Association,2019,"September 26th, 2019",SIMON MAHINDA,SL28,Completed,Washed / Wet,7.75,7.5,7.5,7.67,7.75,7.5,10.0,10.0,10.0,7.58,0.0,83.25,11 %,0 full defects,0,Green,2 full defects,,"September 25th, 2020",Kenya Coffee Traders Association,"P.O. Box 646 00100Nairobi, Kenya",Benson Kibicho Kamau - +254 786 821 621
0,Guatemala,LA BURBUJA,415000445,,11-63-848,"RETRILLAS DEL PACIFICO, S. A.",1500,HUEHUETENANGO,MARISA JUDITH HERRERA VILLATORO,200,69 kg,Asociacion Nacional Del Café,2020,"July 20th, 2020",Byron Gonzalez,Bourbon,Completed,Natural / Dry,7.5,7.83,7.42,7.58,7.58,7.67,10.0,10.0,10.0,7.67,0.0,83.25,10 %,0 full defects,2,Green,8 full defects,,"July 20th, 2021",Asociacion Nacional Del Café,"5a Calle 0-50, Zona 14 Guatemala City, Guatemala 1014",Brayan Cifuentes -
0,Brazil,CAFEBRAS COMERCIO DE CAFES,CB - 598/20/A - B215/20,DRY MILL,OIC - 002/1495/1305,cafebras comércio de cafes do brasil,900,CERRADO,CAFEBRAS COMÉRCIO DE CAFES,300,60 kg,Brazil Specialty Coffee Association,2019,"April 24th, 2020",João Batista Jarduli,Mundo Novo,Completed,Natural / Dry,7.42,7.67,7.58,7.67,7.75,7.58,10.0,10.0,10.0,7.58,0.0,83.25,12 %,0 full defects,0,Green,2 full defects,,"April 24th, 2021",Brazil Specialty Coffee Association,"Rua Gaspar Batista Paiva, 416 – Santa Luiza Varginha/MG – Brazil",Chris Allen - 55 35 3212-4705
0,Guatemala,ALTA LUZ,415000544,,11-63-1073,"RETRILLAS DEL PACIFICO, S. A.",1400,HUEHUETENANGO,MARIA DE LOS ANGELES PEREZ,100,69 kg,Asociacion Nacional Del Café,2020,"July 20th, 2020",Byron Gonzalez,Bourbon,Completed,Natural / Dry,7.58,7.83,7.42,7.58,7.5,7.58,10.0,10.0,10.0,7.67,0.0,83.17,10 %,0 full defects,1,Green,5 full defects,,"July 20th, 2021",Asociacion Nacional Del Café,"5a Calle 0-50, Zona 14 Guatemala City, Guatemala 1014",Brayan Cifuentes -
0,Guatemala,LA BURBUJA,415000445,,13-63-848,"RETRILLAS DEL PACIFICO, S. A.",1800,HUEHUETENANGO,MARISA JUDITH HERRERA VILLATORO,200,69 kg,Asociacion Nacional Del Café,2020,"August 7th, 2020",Byron Gonzalez,Bourbon,Completed,Natural / Dry,7.5,7.67,7.5,7.5,7.58,7.58,10.0,10.0,10.0,7.83,0.0,83.17,11 %,0 full defects,0,Green,4 full defects,,"August 7th, 2021",Asociacion Nacional Del Café,"5a Calle 0-50, Zona 14 Guatemala City, Guatemala 1014",Brayan Cifuentes -
0,Thailand,Doi Tung Development Project,JAVA 62/63 (Coffea Arabica),Dry Mill,,Doi Tung Development Project,1420,Thailand,Doi Tung Development Project,1,2 kg,Specialty Coffee Association,2020 / 2021,"August 20th, 2020",Doi Tung Development Project,Java,Completed,Pulped natural / honey,7.83,7.75,7.58,7.67,7.58,7.5,9.33,10.0,10.0,7.83,0.0,83.08,10 %,0 full defects,0,Green,2 full defects,,"August 20th, 2021",Specialty Coffee Association,"117 W 4th St, Suite 300 Santa Ana, CA 92701",Sheila Magno - 562-999-3164
0,Brazil,CAFEBRASCOMERCIO DE CAFÉ,CB 598/20 B - B0216/20,DRY MILL,OIC- 002/1495/1306,cafebras comércio de cafes do brasil,900,CERRADO,CAFEBRAS COMERCIO DE CAFÉ,20,60 kg,Brazil Specialty Coffee Association,2019,"April 24th, 2020",João Batista Jarduli,Mundo Novo,Completed,Natural / Dry,7.5,7.58,7.58,7.83,7.5,7.5,10.0,10.0,10.0,7.58,0.0,83.08,12 %,0 full defects,0,Green,1 full defects,,"April 24th, 2021",Brazil Specialty Coffee Association,"Rua Gaspar Batista Paiva, 416 – Santa Luiza Varginha/MG – Brazil",Chris Allen - 55 35 3212-4705
0,Brazil,Fazenda Santa Rita do Morro Grande,Lia Almeida Ribeiro de Andrade Lopes,Natural,,Nestlé Brasil S/A,910,Mogiana,Lia Almeida Ribeiro de Andrade Lopes,5,300 kg,Brazil Specialty Coffee Association,2019,"September 22nd, 2019",Rodolfo Carneiro Climaco,Other,Completed,Natural / Dry,7.75,7.58,7.5,7.75,7.42,7.42,10.0,10.0,10.0,7.58,0.0,83.0,11 %,5 full defects,0,Bluish-Green,7 full defects,,"September 21st, 2020",Brazil Specialty Coffee Association,"Rua Gaspar Batista Paiva, 416 – Santa Luiza Varginha/MG – Brazil",Chris Allen - 55 35 3212-4705
0,Guatemala,LAS ROSAS,415000557,,11-63-1257,"RETRILLAS DEL PACIFICO, S. A.",1500,HUEHUETENANGO,ROLANDO BELARMINO VILLATORO VILLATORO,275,69 kg,Asociacion Nacional Del Café,2020,"July 20th, 2020",Byron Gonzalez,Bourbon,Completed,Natural / Dry,7.58,7.75,7.25,7.58,7.5,7.58,10.0,10.0,10.0,7.67,0.0,82.92,10 %,0 full defects,1,Green,7 full defects,,"July 20th, 2021",Asociacion Nacional Del Café,"5a Calle 0-50, Zona 14 Guatemala City, Guatemala 1014",Brayan Cifuentes -
0,Guatemala,SAN JOSE DEL LAGO,11/15/54,SAN JOSE DEL LAGO,11/15/54,"PETER SCHOENFELD,S.A.",1547,ATITLAN,"CAFETALERA PAQUIM,S.A.",60,29 kg,Asociacion Nacional Del Café,2020,"April 20th, 2020",Byron Gonzalez,Bourbon,Completed,Washed / Wet,7.5,7.75,7.42,7.5,7.5,7.5,10.0,10.0,10.0,7.58,0.0,82.75,10 %,0 full defects,1,Green,6 full defects,,"April 20th, 2021",Asociacion Nacional Del Café,"5a Calle 0-50, Zona 14 Guatemala City, Guatemala 1014",Brayan Cifuentes -
0,Costa Rica,Palmichal,10383,Beneficio Palmichal,5-0025-0044,"CECA,S.A.",1250,Tarrazu,Beneficio Palmichal,275,69 kg,Specialty Coffee Association of Costa Rica,2020,"February 12th, 2020","CECA, S.A.",Caturra,Completed,Washed / Wet,7.5,7.33,7.33,7.33,7.5,7.5,10.0,10.0,10.0,8.17,0.0,82.67,11 %,0 full defects,3,Green,3 full defects,,"February 11th, 2021",Specialty Coffee Association of Costa Rica,"Blvd Rohrmoser, de Prisma Dental 200 norte y 25 oeste, casa 21",Noelia Villalobos - (506) 2220 0685
0,Guatemala,LINDA VISTA,11-973-660,LINDA VISTA,11-973-660,"MERCON GUATEMALA, S. A.",1800,SANTA ROSA,PABLO ARTURO CHUY FLORES,275,69 kg,Asociacion Nacional Del Café,2020,"May 20th, 2020",Byron Gonzalez,Catuai,Completed,Washed / Wet,7.5,7.67,7.5,7.5,7.5,7.5,10.0,10.0,10.0,7.5,0.0,82.67,10 %,0 full defects,1,Green,5 full defects,,"May 20th, 2021",Asociacion Nacional Del Café,"5a Calle 0-50, Zona 14 Guatemala City, Guatemala 1014",Brayan Cifuentes -
0,Indonesia,"Pondokbaru, Benermeriah",ptraas no.2,"Pondokbaru, Benermeriah",15/3515/57 & 15/3515/58,PT Rajawali Artha Agro Sejahtera (PTRAAS),1200,Sumatra,PT. Rajawali Artha Agro Sejahtera,320,60 kg,Specialty Coffee Association of Indonesia,2020,"June 22nd, 2020",PTRAAS,Mandheling,Completed,Washed / Wet,7.5,7.75,7.17,7.75,7.42,7.42,10.0,10.0,10.0,7.58,0.0,82.58,12 %,0 full defects,4,Green,7 full defects,,"June 22nd, 2021",Specialty Coffee Association of Indonesia,"Ministry of Agriculture Republic Indonesia, Build C 5th Floor wing B Room 515 . Jl. Harsono RM No. 3, Ragunan, South Jakarta, Jakarta",Mahardini Farizki - 081284251303 / 085780031543
0,Brazil,Vista Alegre Estate Coffee,vga 2393,Dry Mil,,agrogenius,950,Sul de Minas,Paulo Cersar Ribeiro de Freitas,320,60 kg,Brazil Specialty Coffee Association,2019,"March 13th, 2020",Erick,Catuai,Completed,Natural / Dry,7.5,7.83,7.5,7.42,7.42,7.5,10.0,10.0,10.0,7.42,0.0,82.58,11 %,0 full defects,0,Bluish-Green,5 full defects,,"March 13th, 2021",Brazil Specialty Coffee Association,"Rua Gaspar Batista Paiva, 416 – Santa Luiza Varginha/MG – Brazil",Chris Allen - 55 35 3212-4705
0,Myanmar,Mandalay Coffee Group,YN/MX/DF/1920 - Sugihara,Mandalay Coffee Group,,Mandalay Coffee Group,1100,"Ywangan, Shan State, Myanmar",Ywangan small farmers,300,40 kg,Blossom Valley International宸嶧國際,2020,"May 14th, 2020",Mandalay Coffee Group,Catuai,Completed,Washed / Wet,7.58,7.58,7.25,7.58,7.42,7.58,10.0,10.0,10.0,7.5,0.0,82.5,10 %,0 full defects,0,Bluish-Green,0 full defects,,"May 14th, 2021",Blossom Valley International宸嶧國際,No.72 Mo-Fan St. Taiwan Zip: 403,Damon Chen陳嘉峻 - +886423022323
0,Guatemala,FINCA MEDINA,11/11711/77,FINCA MEDINA,11/11711/77,"SIEMBRAS VISIÓN, S. A.",1650,ANTIGUA,"SIEMBRAS VISIÓN, S. A.",250,69 kg,Asociacion Nacional Del Café,2020,"May 21st, 2020",Byron Gonzalez,Caturra,Completed,Washed / Wet,7.5,7.5,7.33,7.5,7.58,7.5,10.0,10.0,10.0,7.42,0.0,82.33,10 %,0 full defects,1,Green,5 full defects,,"May 21st, 2021",Asociacion Nacional Del Café,"5a Calle 0-50, Zona 14 Guatemala City, Guatemala 1014",Brayan Cifuentes -
0,Yemen,Haraz - Wadi AlSail,0021,Dry Mill,,Crafted Caffeine,2250,Yemen,Alhamasi Coffe,78,32 kg,Specialty Coffee Association,2018,"August 29th, 2019",Ibrahim Alhamdani,Mocha,Completed,Natural / Dry,7.92,7.67,7.67,7.58,7.58,7.5,10.0,8.67,10.0,7.75,0.0,82.33,10 %,0 full defects,0,Green,4 full defects,,"August 28th, 2020",Specialty Coffee Association,"117 W 4th St, Suite 300 Santa Ana, CA 92701",Sheila Magno - 562-999-3164
0,Brazil,Fazenda Harmonia,Renee Van Der Goot/Rubens Los Júnior,Cereja Descascado,,Nestlé Brasil S/A,550,Norte Pioneiro do Paraná,Renee Van Der Goot/Rubens Los Júnior,5,300 kg,Brazil Specialty Coffee Association,2019,"September 22nd, 2019",Rodolfo Carneiro Climaco,Other,Completed,Washed / Wet,7.58,7.58,7.33,7.58,7.33,7.33,10.0,10.0,10.0,7.5,0.0,82.25,11 %,0 full defects,0,Bluish-Green,9 full defects,,"September 21st, 2020",Brazil Specialty Coffee Association,"Rua Gaspar Batista Paiva, 416 – Santa Luiza Varginha/MG – Brazil",Chris Allen - 55 35 3212-4705
0,Vietnam,Apollo Estate,Apollo Honey 2019,Dry Mill,,"Sunvirtue Co., Ltd.",1040,Dalat,"Yeh, Li Chuan",1,2 kg,Specialty Coffee Association,2019,"March 10th, 2020","Sunvirtue Co., Ltd.",Catimor,Completed,Washed / Wet,7.42,7.33,7.33,7.42,7.58,7.67,10.0,10.0,10.0,7.5,0.0,82.25,12 %,0 full defects,1,Green,1 full defects,,"March 10th, 2021",Specialty Coffee Association,"117 W 4th St, Suite 300 Santa Ana, CA 92701",Sheila Magno - 562-999-3164
0,Colombia,Bella Vista,003-0059-01487,La Sabana,003-0059-01487,carcafe ltda,1779,Cundinamarca,Orlando Moreno,275,70 kg,Specialty Coffee Association,2020,"March 17th, 2020",rodrigo amaya,Caturra,Completed,Washed / Wet,7.33,7.5,7.5,7.58,7.42,7.5,10.0,10.0,10.0,7.42,0.0,82.25,11 %,0 full defects,11,Bluish-Green,0 full defects,,"March 17th, 2021",Specialty Coffee Association,"117 W 4th St, Suite 300 Santa Ana, CA 92701",Sheila Magno - 562-999-3164
0,Mexico,Finca Custepec,016-2028-368,Finca Custepec,016-2028-368,Exportadora Café California,1300,Chiapas,Armando Pohlenz,250,17250 kg,Centro Agroecológico del Café A.C.,2019,"April 1st, 2020",ANDREAS KUSSMAUL,Sarchimor,Completed,Washed / Wet,7.33,7.58,7.25,7.58,7.5,7.5,10.0,10.0,10.0,7.5,0.0,82.25,12 %,2 full defects,1,Green,8 full defects,,"April 1st, 2021",Centro Agroecológico del Café A.C.,"Instituto de Ecología A. C., Campus III Edificio A Planta Baja Carretera Antigua a Coatepec No. 351 Col. El Haya C.P. 91070 Xalapa, Veracruz, México.",Stephany Escamilla Femat - Tel. +52 228 8421800 Ext. 3092
0,Guatemala,FINCA AURORA,11/993/06,FINCA AURORA,11/993/06,"CEPA CENTROAMERICA, S. A.",1450,COBÁN ALTA VERAPAZ,"POLA, S. A.",25,69 kg,Asociacion Nacional Del Café,2020,"May 26th, 2020",Byron Gonzalez,Caturra,Completed,Washed / Wet,7.42,7.5,7.25,7.5,7.5,7.5,10.0,10.0,10.0,7.5,0.0,82.17,10 %,0 full defects,1,Green,2 full defects,,"May 26th, 2021",Asociacion Nacional Del Café,"5a Calle 0-50, Zona 14 Guatemala City, Guatemala 1014",Brayan Cifuentes -
0,Guatemala,Linda Vista,11-973-680,Linda Vista,11-973-680,"Mercon Guatemala, S.A.",1300,santa rosa,PABLO ARTURO CHUY FLORES,275,69 kg,Asociacion Nacional Del Café,2018,"August 28th, 2019",Byron Gonzalez,Catuai,Completed,Washed / Wet,7.5,7.58,7.25,7.33,7.33,7.5,10.0,10.0,10.0,7.5,0.0,82.0,11 %,0 full defects,1,Green,4 full defects,,"August 27th, 2020",Asociacion Nacional Del Café,"5a Calle 0-50, Zona 14 Guatemala City, Guatemala 1014",Brayan Cifuentes -
0,Guatemala,Ayalza,11/52/391,Export Cafe,11/52/391,"Tokyo Allied Coffee Roasters Co.,Ltd.",1700,Ayalza,Export Cafe,275,69 kg,Japan Coffee Exchange,2018,"October 17th, 2019",Takanori Suzuki,Caturra,Completed,Washed / Wet,7.33,7.42,7.42,7.33,7.5,7.5,10.0,10.0,10.0,7.42,0.0,81.92,0 %,0 full defects,0,Blue-Green,5 full defects,,"October 16th, 2020",Japan Coffee Exchange,"〒413-0002 静岡県熱海市伊豆山１１７３−５８ 1173-58 Izusan, Atami, Shizuoka, 413-0002 JAPAN",松澤　宏樹　Koju Matsuzawa - +81(0)9085642901
0,Mexico,FINCA SAN JUAN,017,COSECHA BIENESTAR SAPI SA DE CV,,Centro Agroecológico del Café A. C.,1300,Mexico,COSECHA BIENESTAR SAPI DE CV,275,69 kg,Centro Agroecológico del Café A.C.,2019,"August 17th, 2020",COSECHA BIENESTAR SAPI DE CV,Typica,Completed,Washed / Wet,7.5,7.5,7.25,7.42,7.33,7.33,10.0,10.0,10.0,7.58,0.0,81.92,11 %,0 full defects,0,Green,0 full defects,,"August 17th, 2021",Centro Agroecológico del Café A.C.,"Instituto de Ecología A. C., Campus III Edificio A Planta Baja Carretera Antigua a Coatepec No. 351 Col. El Haya C.P. 91070 Xalapa, Veracruz, México.",Stephany Escamilla Femat - Tel. +52 228 8421800 Ext. 3092
0,Brazil,Helena,VJP-Q-2019-003,Copag Varginha,002/164-3/0189,ED&F Man Volcafe Brasil Ltda.,973,"Cerrado Mineiro, Monte Carmelo's region",Helena Pingnatti Ricci,440,59 kg,Brazil Specialty Coffee Association,2019 / 2020,"October 2nd, 2019",ED&F Man Volcafe Brasil Ltda.,Other,Completed,Natural / Dry,7.33,7.42,7.08,7.58,7.5,7.42,10.0,10.0,10.0,7.5,0.0,81.83,11 %,0 full defects,0,Blue-Green,1 full defects,,"October 1st, 2020",Brazil Specialty Coffee Association,"Rua Gaspar Batista Paiva, 416 – Santa Luiza Varginha/MG – Brazil",Chris Allen - 55 35 3212-4705
0,Guatemala,"VARIOS, PEQUEÑOS PRODUCTORES",11/15/231,BENEFICIO PASTORES,11/15/231,"PETER SCHOENFELD, S.A.",1600,PASTORES SACATEPEQUEZ,"VARIOS, PEQUEÑOS PRODUCTORES",470,69 kg,Asociacion Nacional Del Café,2019,"August 29th, 2019",Byron Gonzalez,Bourbon,Completed,Washed / Wet,7.42,7.42,7.25,7.42,7.42,7.33,10.0,10.0,10.0,7.5,0.0,81.75,11 %,0 full defects,1,Green,4 full defects,,"August 28th, 2020",Asociacion Nacional Del Café,"5a Calle 0-50, Zona 14 Guatemala City, Guatemala 1014",Brayan Cifuentes -
0,Brazil,Moreno Cafés Especiais,Rodolfo Moreno,Cereja Descascado,,Nestlé Brasil S/A,1280,Chapada Diamantina,Rodolfo Moreno,5,300 kg,Brazil Specialty Coffee Association,2019,"September 22nd, 2019",Rodolfo Carneiro Climaco,Other,Completed,Washed / Wet,7.42,7.33,7.33,7.33,7.67,7.25,10.0,10.0,10.0,7.42,0.0,81.75,11 %,0 full defects,0,Bluish-Green,0 full defects,,"September 21st, 2020",Brazil Specialty Coffee Association,"Rua Gaspar Batista Paiva, 416 – Santa Luiza Varginha/MG – Brazil",Chris Allen - 55 35 3212-4705
0,Brazil,CAFEBRAS COMERCIO DE CAFÉ,CB598/20 A - B0215/20,DRY MILL,,cafebras comércio de cafes do brasil,900,CERRADO MINEIRO,CAFEBRAS COMERCIO DE CAFÉ,300,60 kg,Brazil Specialty Coffee Association,2019,"April 17th, 2020",João Batista Jarduli,Mundo Novo,Completed,Natural / Dry,7.25,7.42,7.25,7.58,7.5,7.33,10.0,10.0,10.0,7.42,0.0,81.75,11 %,0 full defects,0,,7 full defects,,"April 17th, 2021",Brazil Specialty Coffee Association,"Rua Gaspar Batista Paiva, 416 – Santa Luiza Varginha/MG – Brazil",Chris Allen - 55 35 3212-4705
0,Brazil,CAFEBRASCOMERCIO DECAFE,CB598/20 B - B0216/20,DRY MILL,,cafebras comércio de cafes do brasil,900,CERRADO,CAFEBRAS COMERCIODE CAFÉ,20,60 kg,Brazil Specialty Coffee Association,2019,"April 17th, 2020",João Batista Jarduli,Mundo Novo,Completed,Natural / Dry,7.33,7.5,7.25,7.42,7.33,7.5,10.0,10.0,10.0,7.42,0.0,81.75,11 %,0 full defects,0,Green,6 full defects,,"April 17th, 2021",Brazil Specialty Coffee Association,"Rua Gaspar Batista Paiva, 416 – Santa Luiza Varginha/MG – Brazil",Chris Allen - 55 35 3212-4705
0,Honduras,Las Cuchillas,320,Dry Mill,13-111-195,Mercon Honduras,1500,Comayagua,Fausto Nahun Maldonado,275,69 kg,Instituto Hondureño del Café,2020,"June 2nd, 2020",Juan Manuel Sanchez Silvestre,Catuai,Completed,Washed / Wet,7.58,7.5,7.17,7.25,7.33,7.42,10.0,10.0,10.0,7.42,0.0,81.67,11 %,0 full defects,0,Green,4 full defects,,"June 2nd, 2021",Instituto Hondureño del Café,"Laboratorio de Control de Calidad de Café ( CNCC), 33 Calle, 1-2 Avenida, Sector El Cacao. San Pedro Sula, Cortes",Ramon Reyes - + 504 9693-9042
0,Honduras,El Ejido,353,"desculpado, lavado y secado en secadoras solares",13-154-185,Coffee planet Corporation S.A,1600,Copan,Origenes Coffee Plantation,150,69 kg,Instituto Hondureño del Café,2020,"May 21st, 2020",Janny Marlith Torres,Catuai,Completed,Washed / Wet,7.58,7.42,7.25,7.33,7.42,7.25,10.0,10.0,10.0,7.42,0.0,81.67,10 %,0 full defects,0,Green,2 full defects,,"May 21st, 2021",Instituto Hondureño del Café,"Laboratorio de Control de Calidad de Café ( CNCC), 33 Calle, 1-2 Avenida, Sector El Cacao. San Pedro Sula, Cortes",Ramon Reyes - + 504 9693-9042
0,Brazil,Santa Rita de Cássia,0547/19,Alfenas,,Olam Specialty Coffee,1150,Carmo de MInas,Carlos Henrique Moreira,300,18000 kg,Brazil Specialty Coffee Association,2018,"December 26th, 2019",Pedro Santos e Silva,Catuai,Completed,Natural / Dry,7.42,7.5,7.17,7.33,7.33,7.42,10.0,10.0,10.0,7.33,0.0,81.5,11 %,0 full defects,0,Green,8 full defects,,"December 25th, 2020",Brazil Specialty Coffee Association,"Rua Gaspar Batista Paiva, 416 – Santa Luiza Varginha/MG – Brazil",Chris Allen - 55 35 3212-4705
0,Nicaragua,Exportadora Atlantic S.A,017-053-0042,Dry Mill,017-053-0042,Exportadora Atlantic S.A,1100,Nueva segovia,Several producers,275,69 kg,Asociación de Cafés Especiales de Nicaragua,2020,"January 18th, 2020","Exportadora Atlantic, S.A.",Caturra,Completed,Washed / Wet,7.42,7.42,7.17,7.58,7.17,7.42,10.0,10.0,10.0,7.33,0.0,81.5,11 %,2 full defects,2,Green,9 full defects,,"January 17th, 2021",Asociación de Cafés Especiales de Nicaragua,"Del Hotel Seminole 2 C al lago, 1 C arriba.",Maria Ines Benavidez Toval - 011-(505)-8396 4717
0,El Salvador,TRES VOLCANES,6,ACPA. ATAISI DE R.L.,9,Consejo Salvadoreño del Café,1400,APANECA - ILAMATEPEC,ACPA. ATAISI DE R.L.,275,69 kg,Salvadoran Coffee Council,2019,"May 19th, 2020",Consejo Salvadoreño del Café,Bourbon,Completed,Washed / Wet,7.25,7.58,7.33,7.42,7.25,7.33,10.0,10.0,10.0,7.25,0.0,81.42,0 %,0 full defects,3,Bluish-Green,2 full defects,,"May 19th, 2021",Salvadoran Coffee Council,"Final 1a. Av. Norte y 13 Calle Pte., dentro de las instalaciones del MAG",Tomas Bonilla - (503) 2505-6600
0,El Salvador,Agua Caliente,1-5,Beneficio Agua Caliente,9-392-11,Consejo Salvadoreño del Café,1200,Apaneca - Ilamatepec,"J.J. Borja Nathan, S.A.",275,69 kg,Salvadoran Coffee Council,2019,"February 6th, 2020",Consejo Salvadoreño del Café,Bourbon,Completed,Washed / Wet,7.08,7.17,7.08,7.5,7.5,7.33,10.0,10.0,10.0,7.67,0.0,81.33,12 %,0 full defects,2,Green,5 full defects,,"February 5th, 2021",Salvadoran Coffee Council,"Final 1a. Av. Norte y 13 Calle Pte., dentro de las instalaciones del MAG",Tomas Bonilla - (503) 2505-6600
0,Guatemala,BENEFICIO EL TORREON,11/23/473,BENEFICIO IXCHEL,11/23/473,"UNEX (GUATEMALA), S. A.",1901.64,oriente,AGROINDUSTRIAS CAFETALERAS,100,69 kg,Asociacion Nacional Del Café,2020,"April 21st, 2020",Byron Gonzalez,Bourbon,Completed,Washed / Wet,7.42,7.5,7.17,7.42,7.25,7.33,10.0,10.0,10.0,7.25,0.0,81.33,9 %,0 full defects,2,Green,4 full defects,,"April 21st, 2021",Asociacion Nacional Del Café,"5a Calle 0-50, Zona 14 Guatemala City, Guatemala 1014",Brayan Cifuentes -
0,Costa Rica,Beneficio Montañas del Diamante,10372,Beneficio Montañas del Diamante,5-0025 -0100,"CECA,S.A.",1850,Tarrazú,Martín Gutierrez,250,69 kg,Specialty Coffee Association of Costa Rica,2020,"March 27th, 2020","CECA, S.A.",Caturra,Completed,Washed / Wet,7.25,7.33,7.25,7.42,7.33,7.33,10.0,10.0,10.0,7.33,0.0,81.25,9 %,0 full defects,2,Green,4 full defects,,"March 27th, 2021",Specialty Coffee Association of Costa Rica,"Blvd Rohrmoser, de Prisma Dental 200 norte y 25 oeste, casa 21",Noelia Villalobos - (506) 2220 0685
0,Vietnam,APOLLO Estate,Apollo Washed 2019,Dry Mill,,"Sunvirtue Co., Ltd.",1040,Dalat,"Yeh, Li Chuan",1,2 kg,Specialty Coffee Association,2019,"March 10th, 2020","Sunvirtue Co., Ltd.",Catimor,Completed,Washed / Wet,7.58,7.67,7.25,7.58,7.42,7.33,10.0,10.0,8.67,7.67,0.0,81.17,13 %,0 full defects,0,Bluish-Green,0 full defects,,"March 10th, 2021",Specialty Coffee Association,"117 W 4th St, Suite 300 Santa Ana, CA 92701",Sheila Magno - 562-999-3164
0,Indonesia,"Pondokbaru, Benermeriah",ptraas no.2,"Pondokbaru, Benermeriah",15/3515/57 & 15/3515/58,PT Rajawali Artha Agro Sejahtera (PTRAAS),1200,sumatra,PT. Rajawali Artha Agro Sejahtera,320,60 kg,Specialty Coffee Association of Indonesia,2020,"July 20th, 2020",PTRAAS,Mandheling,Completed,Washed / Wet,7.33,7.33,7.17,7.5,7.42,7.08,10.0,10.0,10.0,7.25,0.0,81.08,12 %,0 full defects,8,Green,4 full defects,,"July 20th, 2021",Specialty Coffee Association of Indonesia,"Ministry of Agriculture Republic Indonesia, Build C 5th Floor wing B Room 515 . Jl. Harsono RM No. 3, Ragunan, South Jakarta, Jakarta",Mahardini Farizki - 081284251303 / 085780031543
0,Honduras,Cerro Negro,2668,seco,13-108-1054,Compañia Hondureña del Café S.A. de C.V.,1400,"Zona de Santa Marta, municipio de San Marcos, departamento de Ocotepeque, Honduras",Feliciano Rivera,275,69 kg,Instituto Hondureño del Café,2019,"July 9th, 2020",Compañia Hondureña del Cafe S.A de c.v.,Catimor,Completed,Washed / Wet,7.5,7.33,7.08,7.17,7.5,7.25,10.0,10.0,10.0,7.17,0.0,81.0,10 %,0 full defects,0,Green,5 full defects,,"July 9th, 2021",Instituto Hondureño del Café,"Laboratorio de Control de Calidad de Café ( CNCC), 33 Calle, 1-2 Avenida, Sector El Cacao. San Pedro Sula, Cortes",Ramon Reyes - + 504 9693-9042
0,Taiwan,He Yu coffee farm,1,yes,,He Yu coffee farm,800,Heping District Sanchakeng,He Yu coffee farm,100,2 kg,Blossom Valley International宸嶧國際,2019,"October 14th, 2019",Blossom Valley International,Typica,Completed,Pulped natural / honey,7.17,7.25,7.33,7.17,7.33,7.25,10.0,10.0,10.0,7.42,0.0,80.92,8 %,0 full defects,0,Green,0 full defects,,"October 13th, 2020",Blossom Valley International宸嶧國際,No.72 Mo-Fan St. Taiwan Zip: 403,Damon Chen陳嘉峻 - +886423022323
0,Colombia,Sucafina Colombia SAS,3-0960-00610,Sucafina Colombia SAS,3-0960-00610,Sucafina Colombia SAS,1300,HUILA,Sucafina Colombia SAS,275,70 kg,CQI Colombia SAS,2019,"February 12th, 2020",Sucafina Colombia SAS,Other,Completed,Washed / Wet,7.75,7.67,7.83,7.67,7.42,7.58,8.67,8.67,10.0,7.58,0.0,80.83,11 %,0 full defects,1,Green,3 full defects,,"February 11th, 2021",CQI Colombia SAS,Calle 120A No 3A - 47 - USAQUEN,Ana Maria Duque - 3219384156
0,Nicaragua,Aldea Global,P48161,Aldea Coffee,017/191/1841,Asociación Aldea Global Jinotega,1100,Matagalpa,Aldea Global,275,69 kg,Asociación de Cafés Especiales de Nicaragua,2020,"July 14th, 2020",Asociación Aldea Global Jinotega,SHG,Completed,Washed / Wet,7.33,7.17,6.83,7.25,7.5,7.33,10.0,10.0,10.0,7.33,0.0,80.75,12 %,3 full defects,2,Green,12 full defects,,"July 14th, 2021",Asociación de Cafés Especiales de Nicaragua,"Del Hotel Seminole 2 C al lago, 1 C arriba.",Maria Ines Benavidez Toval - 011-(505)-8396 4717
0,East Timor,TATANANNA,1,yes,,EnviroLink Corporation,1800,East Timor,none,167,60 kg,Blossom Valley International宸嶧國際,2019,"September 20th, 2019",Blossom Valley International,Typica,Completed,Washed / Wet,7.5,7.58,7.42,7.58,7.42,7.67,8.0,10.0,10.0,7.5,0.0,80.67,10 %,0 full defects,0,Green,0 full defects,,"September 19th, 2020",Blossom Valley International宸嶧國際,No.72 Mo-Fan St. Taiwan Zip: 403,Damon Chen陳嘉峻 - +886423022323
0,El Salvador,TUXPAL,1,TUXPAL,09-392-97,Consejo Salvadoreño del Café,1200,Apaneca-Ilamatepec,"Tejemet, S.A. de C.V.",275,69 kg,Salvadoran Coffee Council,2019,"July 17th, 2020",Consejo Salvadoreño del Café,Bourbon,Completed,Washed / Wet,7.08,7.08,7.0,7.42,7.42,7.33,10.0,10.0,10.0,7.33,0.0,80.67,0 %,0 full defects,1,Green,6 full defects,,"July 17th, 2021",Salvadoran Coffee Council,"Final 1a. Av. Norte y 13 Calle Pte., dentro de las instalaciones del MAG",Tomas Bonilla - (503) 2505-6600
0,Indonesia,"Pondokbaru, Benermeriah",ptraas no.2,"Pondokbaru, Benermeriah",15/3515/57 & 15/3515/58,PT Rajawali Artha Agro Sejahtera (PTRAAS),1200,sumatra,PT. Rajawali Artha Agro Sejahtera,320,60 kg,Specialty Coffee Association of Indonesia,2020,"August 19th, 2020",PTRAAS,Mandheling,Completed,Washed / Wet,7.25,7.42,7.0,7.08,7.17,7.08,10.0,10.0,10.0,7.08,0.0,80.08,13 %,0 full defects,5,Green,1 full defects,,"August 19th, 2021",Specialty Coffee Association of Indonesia,"Ministry of Agriculture Republic Indonesia, Build C 5th Floor wing B Room 515 . Jl. Harsono RM No. 3, Ragunan, South Jakarta, Jakarta",Mahardini Farizki - 081284251303 / 085780031543
0,Guatemala,LINDA VISTA,11-973-1040,HÚMEDO,11-973-1040,"MERCON GUATEMALA, S. A.",1800,SANTA ROSA,PABLO ARTURO CHUY FLORES,275,69 kg,Asociacion Nacional Del Café,2020,"August 21st, 2020",Byron Gonzalez,Catuai,Completed,Natural / Dry,7.0,7.08,7.0,7.17,7.25,7.0,10.0,10.0,10.0,7.08,0.0,79.58,11 %,0 full defects,1,Green,5 full defects,,"August 21st, 2021",Asociacion Nacional Del Café,"5a Calle 0-50, Zona 14 Guatemala City, Guatemala 1014",Brayan Cifuentes -
0,Brazil,Sítio Capoeira,Barbara Fernandes Malta,Natural,,Nestlé Brasil S/A,860,Mogiana,Barbara Fernandes Malta,5,300 kg,Brazil Specialty Coffee Association,2019,"September 22nd, 2019",Rodolfo Carneiro Climaco,Other,Completed,Natural / Dry,7.75,7.83,7.75,7.83,7.75,7.83,7.33,7.33,10.0,7.92,0.0,79.33,11 %,0 full defects,0,Bluish-Green,1 full defects,,"September 21st, 2020",Brazil Specialty Coffee Association,"Rua Gaspar Batista Paiva, 416 – Santa Luiza Varginha/MG – Brazil",Chris Allen - 55 35 3212-4705
0,Taiwan,He Yu Coffee Farm,2,yes,,Heyu high technology Co.Ltd,600,"Dongshi District, Taichung City",He Yu Coffee Farm,150,2 kg,Blossom Valley International宸嶧國際,2019,"November 13th, 2019",Blossom Valley International,Bourbon,Completed,Pulped natural / honey,7.08,7.17,7.0,6.92,6.83,7.0,10.0,10.0,10.0,7.0,0.0,79.0,11 %,0 full defects,0,Green,0 full defects,,"November 12th, 2020",Blossom Valley International宸嶧國際,No.72 Mo-Fan St. Taiwan Zip: 403,Damon Chen陳嘉峻 - +886423022323
0,Brazil,Santa Rita de Cássia,0547/19,Alfenas,,Olam Specialty Coffee,1150,Carmo de MInas,Carlos Henrique Moreira Carvalho,300,18000 kg,Brazil Specialty Coffee Association,2019,"October 21st, 2019",Pedro Santos e Silva,Catuai,Completed,Natural / Dry,7.0,7.17,6.83,7.17,6.83,7.0,10.0,10.0,10.0,6.83,0.0,78.83,11 %,0 full defects,0,Bluish-Green,9 full defects,,"October 20th, 2020",Brazil Specialty Coffee Association,"Rua Gaspar Batista Paiva, 416 – Santa Luiza Varginha/MG – Brazil",Chris Allen - 55 35 3212-4705
0,Nicaragua,Aldea Global,P48161,Aldea Coffee,017/191/1841,Asociación Aldea Global Jinotega,1100,Matagalpa,Aldea Global,271,69 kg,Asociación de Cafés Especiales de Nicaragua,2020,"June 26th, 2020",Asociación Aldea Global Jinotega,SHG,Completed,Washed / Wet,7.17,6.67,6.42,7.08,7.17,6.92,10.0,10.0,10.0,6.92,0.0,78.33,13 %,0 full defects,0,Green,1 full defects,,"June 26th, 2021",Asociación de Cafés Especiales de Nicaragua,"Del Hotel Seminole 2 C al lago, 1 C arriba.",Maria Ines Benavidez Toval - 011-(505)-8396 4717
